count_train,mean_train_s,last_train_s,total_train_s,pass_data_train,throughout_train_d
50,2.456741285324097,2.3998360633850098,164.64879870414734,6400,38.87061460739823
